TITLE,CATEGORY
Two of China’s bubble tea giants are gearing up for IPOs,b
World’s largest oil producer plans to deepen its push into China,b
Oklahoma teenager finally defeats the unbeatable game: Tetris,e
Two of China’s bubble tea giants are gearing up for IPOs,b
World’s largest oil producer plans to deepen its push into China,b
Oklahoma teenager finally defeats the unbeatable game: Tetris,e
"Jeffrey Epstein documents unsealed, naming Prince Andrew and former President Clinton",e
This commissioner’s New Year goal: Regulate water beads,e
Harvard’s Claudine Gay says she faced death threats and was called the N-word as critics pushed ‘tired racial stereotypes’,e
Does the secretive board running Harvard get a failing grade?,e
Epstein-linked John Does are about to be named publicly. Here’s what we know,e
"Fed officials discussed rate cuts last month and hinted at end of hikes, minutes show",e
Xerox shares slide after cutting 15% of its workforce,e
Manhattan apartment prices rose for the first time in over a year,e
GM sales inch higher despite big strike impact,e
This police department is piloting a four-day work week,e
US national debt hits record $34 trillion,b
US job openings fell to fresh 2-year low in November,b
EV tax credits just changed again: Here’s where you can still get discounts,e
"Ford recalls more than 112,000 F-150s for roll away risk",e
"Here’s what you need to know about BYD, the Chinese EV giant that just overtook Tesla",e
"After Harvard and Penn president resignations, focus of ire shifts to MIT’s Kornbluth",e
Maersk suspends shipping through key Red Sea maritime trade route ‘until further notice’,e
Multiple Mickey Mouse horror movies announced as Steamboat Willie enters public domain,e
Indian billionaire Gautam Adani says ‘truth has prevailed’ after top court orders regulators to wrap up probe,e
Starbucks will now let customers use personal cups for nearly all orders,e
13-year-old dumbfounded after appearing to beat classic video game,e
The life of Jeffrey Epstein,e
U.S. stocks fall to start 2024 as investors await rate cuts,b
"Steamboat Willie, ‘Mack the Knife’ enter U.S. public domain",e
Harvard granted extension to respond to House on plagiarism scandal,e
Stocks went gangbusters in 2023. Here are the biggest winners and losers,e
The highs (and lows) of the year in markets: The wild 2023 that was,e
Chinese stocks are the big losers of 2023. Oil also had a bad year,e
Nordic workers took on Elon Musk in 2023. Here’s what could happen next,e
"Elon Musk and these other 9 bosses had a terrible, horrible, no good, very bad 2023",e
China’s economy had a miserable year. 2024 might be even worse,b
Huawei was once fighting for its survival. It is back to nearly $100 billion in revenue in 2023,e
Reporter explains what factors could affect the economy in 2024,e
Police dept. launches 4-day work week pilot program,e
UK’s NHS partners with Zipline for drone delivery of medical supplies,e
Harvard professor reacts to university president’s resignation,e
Meet Elon Musk’s replacement at X (2023),e
What to expect at work in 2024,e
Here’s where the minimum wage is increasing this year,e
Forget ‘spend less’ or ‘save more.’ Make this your No. 1 financial resolution for 2024,e
"Shawn Fain, CNN Business’ labor leader of the year, plans to keep automakers sweating",e
Fidelity fund again trims Elon Musk’s X valuation,e
ASML forced to suspend some China exports after US escalates tech battle,b
Baidu’s live streaming plans suffer as it calls off $3.6 billion Joyy deal,e
Microsoft’s Satya Nadella is CNN Business’ CEO of the Year,t
Why Amazon just sent you an email about ads on Prime Video,e
Washington Post union reaches tentative agreement with management after 18 months of negotiations,e
The risks and rewards of a Warner Bros. Discovery and Paramount merger,e
"Tensions boil inside The Washington Post amid union standoff, questions over new CEO",e
"Bilt’s January Rent Day promotion: Up to a 150% transfer bonus to Flying Blue, Virgin Atlantic and IHG One Rewards",e
Earn the Southwest Companion Pass through 2025 with this incredible offer,e
Lower your expenses by getting one of these credit cards with no annual fee,e
Best ways to redeem Citi ThankYou points for maximum value,e
Why lab-grown diamond sales are surging,e
The Chevrolet Corvette is officially going electric,e
This social app prohibits edited photos to encourage users to be more authentic. It’s growing fast,e
"BMW reveals its new $120,000 electric flagship",e
OpenAI’s wild week. How the Sam Altman story unfolded,e
Sam Altman returns to OpenAI in a bizarre reversal of fortunes,e
Opinion: The drama around Sam Altman is an urgent warning,e
Microsoft stock hits all-time high after hiring former OpenAI CEO Sam Altman,t
